model,prec,engine,tp,quality,exactness,dC1,dC2,dC4,dC8,aggC8,ttft_long_cold_mono,ttft_long_cold_chunk,ttft_long_warm,ttft_long_cold_fa,ttft_short_cold,ttft_short_warm,decode_src,ttft_mono_src,ttft_both_src
q27b,fp8,021,2,suspect,Exact,31.69,23.92,18.82,12.11,96.91,62.35,63.673,3.319,30.88,3.090,0.749,results/perf_v2_q27b_fp8_021_20260620_181033,results/perf_v2_q27b_fp8_021_20260620_181033,results/perf_v2_q27b_fp8_021_20260621_112031
q27b,fp16,021,4,suspect,Exact,35.37,28.48,27.71,27.41,219.26,25.97,27.182,1.776,11.97,1.815,0.296,results/perf_v2_q27b_fp16_021_20260621_034910,results/perf_v2_q27b_fp16_021_20260621_034910,results/perf_v2_q27b_fp16_021_20260621_113153
q27b4,fp8,021,4,suspect,Exact,46.13,37.12,28.49,20.31,162.45,32.22,33.431,2.013,,1.730,0.455,results/perf_v2_q27b4_fp8_021_20260621_182713,results/perf_v2_q27b4_fp8_021_20260621_182713,results/perf_v2_q27b4_fp8_021_20260621_183822
q35b,fp8,021,4,suspect,Stable,74.92,63.35,58.76,47.70,381.59,14.28,72.341,4.338,72.34,8.698,3.476,results/perf_v2_q35b_fp8_021_20260620_183825,results/perf_v2_q35b_fp8_021_20260620_183825,results/perf_v2_q35b_fp8_021_20260621_114157
q35b,fp16,021,4,suspect,Exact,55.93,39.97,26.77,21.40,171.17,12.65,14.219,0.693,10.07,1.621,0.251,results/perf_v2_q35b_fp16_021_20260620_185300,results/perf_v2_q35b_fp16_021_20260620_185300,results/perf_v2_q35b_fp16_021_20260621_115542
q122b,fp8,021,8,suspect,Stable,56.64,46.41,41.52,30.69,245.51,18.70,88.430,5.346,87.38,12.496,4.978,results/perf_v2_q122b_fp8_021_20260620_190856,results/perf_v2_q122b_fp8_021_20260620_190856,results/perf_v2_q122b_fp8_021_20260621_120548
q122b,int4,021,8,suspect,Exact,58.14,46.30,40.84,36.75,294.01,19.92,25.650,1.233,,2.980,0.773,results/perf_v2_q122b_int4_021_20260620_192555,results/perf_v2_q122b_int4_021_20260620_192555,results/perf_v2_q122b_int4_021_20260621_122307
glm,fp8,021,8,pass,Stable,65.45,51.69,38.00,26.00,208.00,42.06,66.942,0.752,49.35,3.794,0.433,results/perf_v2_glm_fp8_021_20260620_194734,results/perf_v2_glm_fp8_021_20260621_065648,results/perf_v2_glm_fp8_021_20260621_123243
g31b,fp8,021,4,pass,Exact,35.28,28.25,19.65,12.68,101.47,196.03,196.400,2.323,,2.951,0.208,results/perf_v2_g31b_fp8_021_20260621_042216,results/perf_v2_g31b_fp8_021_20260621_071413,results/perf_v2_g31b_fp8_021_20260621_124239
g31b,fp16,021,4,pass,Exact,26.73,24.07,21.43,17.08,136.66,185.82,186.170,1.756,,2.234,0.212,results/perf_v2_g31b_fp16_021_20260621_043546,results/perf_v2_g31b_fp16_021_20260621_072907,results/perf_v2_g31b_fp16_021_20260621_125441
g26b,fp8,021,4,pass,Exact,72.85,59.26,48.40,33.51,268.05,50.64,50.826,0.980,,2.425,0.312,results/perf_v2_g26b_fp8_021_20260621_044847,results/perf_v2_g26b_fp8_021_20260621_081040,results/perf_v2_g26b_fp8_021_20260621_130646
g26b,fp16,021,4,pass,Exact,44.39,35.53,23.16,21.61,172.86,53.60,53.751,0.851,,1.238,0.167,results/perf_v2_g26b_fp16_021_20260621_045653,results/perf_v2_g26b_fp16_021_20260621_081733,results/perf_v2_g26b_fp16_021_20260621_131325
glm47,fp16,021,4,suspect,Exact,30.97,21.17,13.25,10.35,82.78,143.12,143.993,0.454,,18.800,0.222,results/perf_v2_glm47_fp16_021_20260621_172718,results/perf_v2_glm47_fp16_021_20260621_172718,results/perf_v2_glm47_fp16_021_20260621_175026
q27b,fp8,019,2,suspect,Exact,35.13,26.06,17.90,12.57,100.54,69.07,69.674,3.692,,3.711,0.736,results/perf_v2_q27b_fp8_019_20260620_200112,results/perf_v2_q27b_fp8_019_20260620_200112,results/perf_v2_q27b_fp8_019_20260621_132102
q27b,fp16,019,4,suspect,Exact,40.05,31.57,31.02,30.47,243.76,28.94,29.483,1.925,,2.080,0.300,results/perf_v2_q27b_fp16_019_20260621_040702,results/perf_v2_q27b_fp16_019_20260621_040702,results/perf_v2_q27b_fp16_019_20260621_132726
q27b4,fp8,019,4,suspect,Exact,54.35,43.00,31.68,21.91,175.28,34.92,35.931,2.165,,1.699,0.442,results/perf_v2_q27b4_fp8_019_20260621_184344,results/perf_v2_q27b4_fp8_019_20260621_184344,results/perf_v2_q27b4_fp8_019_20260621_185312
q35b,fp8,019,4,suspect,Stable,89.92,74.48,68.85,51.41,411.32,14.17,68.792,4.406,,8.791,3.398,results/perf_v2_q35b_fp8_019_20260620_205633,results/perf_v2_q35b_fp8_019_20260620_205633,results/perf_v2_q35b_fp8_019_20260621_133223
q35b,fp16,019,4,suspect,Exact,63.30,44.01,34.06,28.25,225.98,12.66,14.543,0.694,,1.606,0.270,results/perf_v2_q35b_fp16_019_20260620_210830,results/perf_v2_q35b_fp16_019_20260620_210830,results/perf_v2_q35b_fp16_019_20260621_133934
q122b,fp8,019,8,suspect,Stable,67.31,53.20,47.01,34.85,278.78,18.68,82.020,4.812,,11.874,4.397,results/perf_v2_q122b_fp8_019_20260620_212134,results/perf_v2_q122b_fp8_019_20260620_212134,results/perf_v2_q122b_fp8_019_20260621_134411
q122b,int4,019,8,suspect,Stable,69.26,53.86,46.75,41.18,329.47,19.70,25.933,1.240,,2.930,0.776,results/perf_v2_q122b_int4_019_20260620_214903,results/perf_v2_q122b_int4_019_20260620_214903,results/perf_v2_q122b_int4_019_20260621_135215
glm,fp8,019,8,suspect,Exact,64.67,50.63,38.06,25.97,207.79,42.09,68.788,0.737,,4.485,0.395,results/perf_v2_glm_fp8_019_20260620_220710,results/perf_v2_glm_fp8_019_20260621_070918,results/perf_v2_glm_fp8_019_20260621_140009
g31b,fp8,019,4,pass,Exact,35.23,28.19,19.67,12.72,101.78,193.65,195.310,2.296,,2.927,0.204,results/perf_v2_g31b_fp8_019_20260620_221814,results/perf_v2_g31b_fp8_019_20260621_074342,results/perf_v2_g31b_fp8_019_20260621_140553
g31b,fp16,019,4,pass,Exact,26.73,24.17,21.44,17.10,136.79,184.67,187.641,1.750,,2.212,0.210,results/perf_v2_g31b_fp16_019_20260620_223421,results/perf_v2_g31b_fp16_019_20260621_075719,results/perf_v2_g31b_fp16_019_20260621_141634
g26b,fp8,019,,MISSING,,,,,,,,,,,,,,,
g26b,fp16,019,4,pass,Exact,39.47,32.98,28.35,20.41,163.26,53.34,56.932,0.872,,1.238,0.183,results/perf_v2_g26b_fp16_019_20260620_224851,results/perf_v2_g26b_fp16_019_20260621_082454,results/perf_v2_g26b_fp16_019_20260621_142913
glm47,fp16,019,4,suspect,Exact,35.36,27.62,21.37,17.50,140.01,205.91,212.489,0.452,,18.795,0.227,results/perf_v2_glm47_fp16_019_20260622_001738,results/perf_v2_glm47_fp16_019_20260622_001738,results/perf_v2_glm47_fp16_019_20260622_003944
q35b2,fp8,021,2,suspect,Stable,71.00,56.51,48.25,36.75,294.03,,,,,,,results/perf_v2_q35b2_fp8_021_20260622_003941,,
g31b2,fp8,021,2,pass,Exact,23.07,17.34,11.09,6.97,55.74,,,,,,,results/perf_v2_g31b2_fp8_021_20260622_003941,,
g26b2,fp8,021,2,pass,Exact,60.15,46.37,32.60,17.54,140.34,,,,,,,results/perf_v2_g26b2_fp8_021_20260622_005415,,
